Continente;Nombre;ISO 2;Nombre
AS;Afganistán; AF ;Afganistán
EU;Albania; AL ;Albania
EU;Alemania; DE ;Alemania
EU;Andorra; AD ;Andorra
AF;Angola; AO ;Angola
NA;Anguila; AI ;Anguila
AN;Antártida; AQ ;Antártida
NA;Antigua y Barbuda; AG ;Antigua y Barbuda
AS;Arabia Saudita; SA ;Arabia Saudita
AF;Argelia; DZ ;Argelia
SA;Argentina; AR ;Argentina
AS;Armenia; AM ;Armenia
NA;Aruba; AW ;Aruba
OC;Australia; AU ;Australia
EU;Austria; AT ;Austria
AS;Azerbaiyán; AZ ;Azerbaiyán
NA;Bahamas; BS ;Bahamas
AS;Bangladés; BD ;Bangladés
NA;Barbados; BB ;Barbados
AS;Baréin; BH ;Baréin
EU;Bélgica; BE ;Bélgica
NA;Belice; BZ ;Belice
AF;Benín; BJ ;Benín
NA;Bermudas; BM ;Bermudas
EU;Bielorrusia; BY ;Bielorrusia
SA;Bolivia, Estado Plurinacional de; BO ;Bolivia, Estado Plurinacional de
NA;Bonaire, San Eustaquio y Saba; BQ ;Bonaire, San Eustaquio y Saba
EU;Bosnia y Herzegovina; BA ;Bosnia y Herzegovina
AF;Botsuana; BW ;Botsuana
SA;Brasil; BR ;Brasil
AS;Brunéi Darussalam; BN ;Brunéi Darussalam
EU;Bulgaria; BG ;Bulgaria
AF;Burkina Faso; BF ;Burkina Faso
AF;Burundi; BI ;Burundi
AS;Bután; BT ;Bután
AF;Cabo Verde; CV ;Cabo Verde
AS;Camboya; KH ;Camboya
AF;Camerún; CM ;Camerún
NA;Canadá; CA ;Canadá
AF;Chad; TD ;Chad
SA;Chile; CL ;Chile
AS;China, República Popular; CN ;China, República Popular
AS;Chipre; CY ;Chipre
SA;Colombia; CO ;Colombia
AF;Comoras; KM ;Comoras
AF;Congo, La República Democrática del; CD ;Congo, La República Democrática del
AF;Congo; CG ;Congo
AS;Corea, República de; KR ;Corea, República de
AS;Corea, República Democrática Popular de; KP ;Corea, República Democrática Popular de
AF;Costa de Marfil; CI ;Costa de Marfil
NA;Costa Rica; CR ;Costa Rica
EU;Croacia; HR ;Croacia
NA;Cuba; CU ;Cuba
NA;Curazao; CW ;Curazao
EU;Dinamarca; DK ;Dinamarca
NA;Dominica; DM ;Dominica
SA;Ecuador; EC ;Ecuador
AF;Egipto; EG ;Egipto
NA;El Salvador; SV ;El Salvador
AS;Emiratos Árabes Unidos; AE ;Emiratos Árabes Unidos
AF;Eritrea; ER ;Eritrea
EU;Eslovaquia; SK ;Eslovaquia
EU;Eslovenia; SI ;Eslovenia
EU;España; ES ;España
NA;Estados Unidos; US ;Estados Unidos
EU;Estonia; EE ;Estonia
AF;Etiopía; ET ;Etiopía
EU;Federacion Rusa; RU ;Federacion Rusa
AS;Filipinas; PH ;Filipinas
EU;Finlandia; FI ;Finlandia
OC;Fiyi; FJ ;Fiyi
EU;Francia; FR ;Francia
AF;Gabón; GA ;Gabón
AF;Gambia; GM ;Gambia
AS;Georgia; GE ;Georgia
AF;Ghana; GH ;Ghana
EU;Gibraltar; GI ;Gibraltar
NA;Granada; GD ;Granada
EU;Grecia; GR ;Grecia
NA;Groenlandia; GL ;Groenlandia
NA;Guadalupe; GP ;Guadalupe
OC;Guam; GU ;Guam
NA;Guatemala; GT ;Guatemala
SA;Guayana Francesa; GF ;Guayana Francesa
EU;Guernsey; GG ;Guernsey
AF;Guinea-Bisáu; GW ;Guinea-Bisáu
AF;Guinea Ecuatorial; GQ ;Guinea Ecuatorial
AF;Guinea; GN ;Guinea
SA;Guyana; GY ;Guyana
NA;Haití; HT ;Haití
NA;Honduras; HN ;Honduras
AS;Hong Kong; HK ;Hong Kong
EU;Hungría; HU ;Hungría
AS;India; IN ;India
AS;Indonesia; ID ;Indonesia
AS;Irak; IQ ;Irak
AS;Irán, República Islámica de; IR ;Irán, República Islámica de
EU;Irlanda; IE ;Irlanda
AN;Isla Bouvet; BV ;Isla Bouvet
EU;Isla de Man; IM ;Isla de Man
AS;Isla de Navidad; CX ;Isla de Navidad
OC;Isla Norfolk; NF ;Isla Norfolk
EU;Islandia; IS ;Islandia
EU;Islas Åland; AX ;Islas Åland
NA;Islas Caimán; KY ;Islas Caimán
AS;Islas Cocos (Keeling); CC ;Islas Cocos (Keeling)
OC;Islas Cook; CK ;Islas Cook
SA;Islas Falkland (Malvinas); FK ;Islas Falkland (Malvinas)
EU;Islas Feroe; FO ;Islas Feroe
AN;Islas Georgias del Sur y Sandwich del Sur; GS ;Islas Georgias del Sur y Sandwich del Sur
AN;Islas Heard y Mcdonald; HM ;Islas Heard y Mcdonald
OC;Islas Marianas del Norte; MP ;Islas Marianas del Norte
OC;Islas Marshall; MH ;Islas Marshall
OC;Islas Salomón; SB ;Islas Salomón
NA;Islas Turcas y Caicos; TC ;Islas Turcas y Caicos
OC;Islas Ultramarinas Menores de Estados Unidos; UM ;Islas Ultramarinas Menores de Estados Unidos
NA;Islas Virgenes Británicas; VG ;Islas Virgenes Británicas
NA;Islas Virgenes de Los Estados Unidos; VI ;Islas Virgenes de Los Estados Unidos
AS;Israel; IL ;Israel
EU;Italia; IT ;Italia
NA;Jamaica; JM ;Jamaica
AS;Japón; JP ;Japón
EU;Jersey; JE ;Jersey
AS;Jordania; JO ;Jordania
AS;Kazajistán; KZ ;Kazajistán
AF;Kenia; KE ;Kenia
AS;Kirguistán; KG ;Kirguistán
OC;Kiribati; KI ;Kiribati
AS;Kuwait; KW ;Kuwait
AF;Lesoto; LS ;Lesoto
EU;Letonia; LV ;Letonia
AS;Líbano; LB ;Líbano
AF;Liberia; LR ;Liberia
AF;Libia; LY ;Libia
EU;Liechtenstein; LI ;Liechtenstein
EU;Lituania; LT ;Lituania
EU;Luxemburgo; LU ;Luxemburgo
AS;Macao; MO ;Macao
EU;Macedonia, La Antigua República Yugoslava de; MK ;Macedonia, La Antigua República Yugoslava de
AF;Madagascar; MG ;Madagascar
AS;Malasia; MY ;Malasia
AF;Malaui; MW ;Malaui
AS;Maldivas; MV ;Maldivas
AF;Malí; ML ;Malí
EU;Malta; MT ;Malta
AF;Marruecos; MA ;Marruecos
NA;Martinica; MQ ;Martinica
AF;Mauricio; MU ;Mauricio
AF;Mauritania; MR ;Mauritania
AF;Mayotte; YT ;Mayotte
NA;México; MX ;México
OC;Micronesia, Estados Federados de; FM ;Micronesia, Estados Federados de
EU;Moldavia, República de; MD ;Moldavia, República de
EU;Mónaco; MC ;Mónaco
AS;Mongolia; MN ;Mongolia
EU;Montenegro; ME ;Montenegro
NA;Montserrat; MS ;Montserrat
AF;Mozambique; MZ ;Mozambique
AS;Myanmar; MM ;Myanmar
AF;Nabimia; NA ;Nabimia
OC;Nauru; NR ;Nauru
AS;Nepal; NP ;Nepal
NA;Nicaragua; NI ;Nicaragua
AF;Nigeria; NG ;Nigeria
AF;Níger; NE ;Níger
OC;Niue; NU ;Niue
EU;Noruega; NO ;Noruega
OC;Nueva Caledonia; NC ;Nueva Caledonia
OC;Nueva Zelanda; NZ ;Nueva Zelanda
AS;Omán; OM ;Omán
EU;Países Bajos; NL ;Países Bajos
AS;Pakistán; PK ;Pakistán
OC;Palaos; PW ;Palaos
AS;Palestina, Estado de; PS ;Palestina, Estado de
NA;Panamá; PA ;Panamá
OC;Papúa Nueva Guinea; PG ;Papúa Nueva Guinea
SA;Paraguay; PY ;Paraguay
SA;Perú; PE ;Perú
OC;Pitcairn; PN ;Pitcairn
OC;Polinesia Francesa; PF ;Polinesia Francesa
EU;Polonia; PL ;Polonia
EU;Portugal; PT ;Portugal
NA;Puerto Rico; PR ;Puerto Rico
AS;Qatar; QA ;Qatar
EU;Reino Unido; GB ;Reino Unido
AF;República Centroafricana; CF ;República Centroafricana
EU;República Checa; CZ ;República Checa
AS;República Democrática Popular Lao; LA ;República Democrática Popular Lao
NA;República Dominicana; DO ;República Dominicana
AF;Reunión; RE ;Reunión
AF;Ruanda; RW ;Ruanda
EU;Rumania; RO ;Rumania
AF;Sahara Occidental; EH ;Sahara Occidental
OC;Samoa Americana; AS ;Samoa Americana
OC;Samoa; WS ;Samoa
NA;San Bartolomé; BL ;San Bartolomé
NA;San Cristóbal y Nieves; KN ;San Cristóbal y Nieves
EU;San Marino; SM ;San Marino
NA;San Martín (Parte Francesa); MF ;San Martín (Parte Francesa)
NA;San Pedro y Miquelón; PM ;San Pedro y Miquelón
NA;San Vicente y Las Granadinas; VC ;San Vicente y Las Granadinas
AF;Santa Helena, Ascensión y Tristán de Acuña; SH ;Santa Helena, Ascensión y Tristán de Acuña
NA;Santa Lucía; LC ;Santa Lucía
EU;Santa Sede (Ciudad Estado Vaticano); VA ;Santa Sede (Ciudad Estado Vaticano)
AF;Santo Tomé y Principe; ST ;Santo Tomé y Principe
AF;Senegal; SN ;Senegal
EU;Serbia; RS ;Serbia
AF;Seychelles; SC ;Seychelles
AF;Sierra Leona; SL ;Sierra Leona
AS;Singapur; SG ;Singapur
NA;Sint Maarten (Parte Neerlandesa); SX ;Sint Maarten (Parte Neerlandesa)
AS;Siria, República Arabe de; SY ;Siria, República Arabe de
AF;Somalia; SO ;Somalia
AS;Sri Lanka; LK ;Sri Lanka
AF;Suazilandia; SZ ;Suazilandia
AF;Sudáfrica; ZA ;Sudáfrica
AF;Sudán del Sur; SS ;Sudán del Sur
AF;Sudán; SD ;Sudán
EU;Suecia; SE ;Suecia
EU;Suiza; CH ;Suiza
SA;Surinam; SR ;Surinam
EU;Svalbard y Jan Mayen; SJ ;Svalbard y Jan Mayen
AS;Tailandia; TH ;Tailandia
AS;Taiwán, Provincia de China; TW ;Taiwán, Provincia de China
AF;Tanzania, República Unida de; TZ ;Tanzania, República Unida de
AS;Tayikistán; TJ ;Tayikistán
AS;Territorio Británico del Océano Índico; IO ;Territorio Británico del Océano Índico
AN;Territorios Australes Franceses; TF ;Territorios Australes Franceses
AS;Timor-Leste; TL ;Timor-Leste
AF;Togo; TG ;Togo
OC;Tokelau; TK ;Tokelau
OC;Tonga; TO ;Tonga
NA;Trinidad y Tobago; TT ;Trinidad y Tobago
AF;Túnez; TN ;Túnez
AS;Turkmenistán; TM ;Turkmenistán
EU;Turquía; TR ;Turquía
OC;Tuvalu; TV ;Tuvalu
EU;Ucrania; UA ;Ucrania
AF;Uganda; UG ;Uganda
SA;Uruguay; UY ;Uruguay
AS;Uzbekistán; UZ ;Uzbekistán
OC;Vanuatu; VU ;Vanuatu
SA;Venezuela, República Bolivariana de; VE ;Venezuela, República Bolivariana de
AS;Viet Nam; VN ;Viet Nam
OC;Wallis y Futuna; WF ;Wallis y Futuna
AS;Yemen; YE ;Yemen
AF;Yibuti; DJ ;Yibuti
AF;Zambia; ZM ;Zambia
AF;Zimbabue; ZW ;Zimbabue
